oven_id,day,date,oven_age_years,days_since_service,temp_mean_c,temp_max_c,door_cycles,humidity_pct,fault_next_24h,repair_minutes,fault_code
O-01,1,2026-03-02,2.5,11,207.9,212.9,62,43.8,0,0,
O-02,1,2026-03-02,4.0,9,207.2,214.5,84,47.9,1,208,F-DOOR
O-03,1,2026-03-02,6.5,25,213.7,215.5,51,43.7,0,0,
O-04,1,2026-03-02,8.0,13,209.6,213.5,27,51.2,0,0,
O-05,1,2026-03-02,3.0,6,201.1,204.0,45,42.5,0,0,
O-06,1,2026-03-02,9.5,25,218.2,219.6,40,42.4,0,0,
O-07,1,2026-03-02,5.5,1,204.2,205.0,63,43.3,0,0,
O-08,1,2026-03-02,11.0,27,218.3,218.5,61,41.8,0,0,
O-01,2,2026-03-03,2.5,12,210.9,220.0,62,38.8,1,196,F-DOOR
O-02,2,2026-03-03,4.0,0,203.8,211.0,56,43.7,0,0,
O-03,2,2026-03-03,6.5,26,213.2,216.3,72,41.1,1,75,F-DOOR
O-04,2,2026-03-03,8.0,14,211.5,215.5,73,46.5,0,0,
O-05,2,2026-03-03,3.0,7,200.1,202.4,48,41.7,0,0,
O-06,2,2026-03-03,9.5,26,215.8,225.8,74,48.6,1,81,F-DOOR
O-07,2,2026-03-03,5.5,2,204.8,206.5,84,43.6,0,0,
O-08,2,2026-03-03,11.0,28,219.3,226.0,47,43.3,0,0,
O-01,3,2026-03-04,2.5,0,203.7,207.6,57,46.5,0,0,
O-02,3,2026-03-04,4.0,1,204.0,207.3,68,45.0,0,0,
O-03,3,2026-03-04,6.5,0,209.8,210.8,66,45.7,0,0,
O-04,3,2026-03-04,8.0,15,211.9,214.8,74,47.5,0,0,
O-05,3,2026-03-04,3.0,8,198.3,204.6,59,47.5,0,0,
O-06,3,2026-03-04,9.5,0,211.5,214.0,54,41.5,0,0,
O-07,3,2026-03-04,5.5,3,203.6,204.6,51,46.4,0,0,
O-08,3,2026-03-04,11.0,29,218.8,226.3,65,45.1,1,112,F-DOOR
O-01,4,2026-03-05,2.5,1,207.4,213.1,74,45.0,0,0,
O-02,4,2026-03-05,4.0,2,205.7,211.7,24,42.3,0,0,
O-03,4,2026-03-05,6.5,1,209.4,209.4,62,48.6,0,0,
O-04,4,2026-03-05,8.0,16,211.1,214.6,69,46.2,0,0,
O-05,4,2026-03-05,3.0,9,201.8,204.7,38,47.2,0,0,
O-06,4,2026-03-05,9.5,1,213.4,215.1,60,42.1,0,0,
O-07,4,2026-03-05,5.5,4,203.9,206.5,52,44.0,0,0,
O-08,4,2026-03-05,11.0,0,215.5,221.0,45,42.4,0,0,
O-01,5,2026-03-06,2.5,2,206.0,208.4,46,46.5,0,0,
O-02,5,2026-03-06,4.0,3,204.2,208.7,61,46.0,0,0,
O-03,5,2026-03-06,6.5,2,211.0,216.5,60,44.7,0,0,
O-04,5,2026-03-06,8.0,17,213.8,217.3,42,41.9,0,0,
O-05,5,2026-03-06,3.0,10,200.8,202.9,52,44.9,0,0,
O-06,5,2026-03-06,9.5,2,218.9,231.4,85,46.9,1,149,F-CTRL
O-07,5,2026-03-06,5.5,5,207.5,208.3,68,51.1,0,0,
O-08,5,2026-03-06,11.0,1,214.0,214.7,61,44.7,0,0,
O-01,6,2026-03-07,2.5,3,205.8,212.6,49,44.7,0,0,
O-02,6,2026-03-07,4.0,4,204.1,207.5,77,47.3,0,0,
O-03,6,2026-03-07,6.5,3,208.1,216.9,76,44.6,0,0,
O-04,6,2026-03-07,8.0,18,213.7,216.1,52,47.0,0,0,
O-05,6,2026-03-07,3.0,11,202.0,206.7,43,42.8,0,0,
O-06,6,2026-03-07,9.5,0,215.4,220.9,78,44.8,0,0,
O-07,6,2026-03-07,5.5,6,203.2,205.7,52,46.2,0,0,
O-08,6,2026-03-07,11.0,2,216.2,221.5,52,49.5,1,201,F-HEAT
O-01,7,2026-03-08,2.5,4,206.7,210.5,75,44.9,0,0,
O-02,7,2026-03-08,4.0,5,204.4,204.5,82,44.8,0,0,
O-03,7,2026-03-08,6.5,4,212.8,220.4,69,45.2,0,0,
O-04,7,2026-03-08,8.0,19,213.3,219.3,39,49.5,0,0,
O-05,7,2026-03-08,3.0,12,202.3,208.0,79,43.6,0,0,
O-06,7,2026-03-08,9.5,1,212.1,218.7,46,41.6,0,0,
O-07,7,2026-03-08,5.5,7,203.5,203.6,49,45.6,0,0,
O-08,7,2026-03-08,11.0,0,219.7,228.0,49,44.3,1,228,F-CTRL
O-01,8,2026-03-09,2.5,5,203.5,207.5,40,45.3,0,0,
O-02,8,2026-03-09,4.0,6,204.8,208.6,58,48.7,0,0,
O-03,8,2026-03-09,6.5,5,209.1,209.2,77,45.6,0,0,
O-04,8,2026-03-09,8.0,20,214.5,226.1,60,43.4,1,190,F-CTRL
O-05,8,2026-03-09,3.0,13,200.6,205.4,50,45.5,0,0,
O-06,8,2026-03-09,9.5,2,215.0,220.6,49,45.2,0,0,
O-07,8,2026-03-09,5.5,8,202.9,210.2,39,49.5,0,0,
O-08,8,2026-03-09,11.0,0,215.1,219.3,53,50.9,0,0,
O-01,9,2026-03-10,2.5,6,200.9,203.4,51,43.8,0,0,
O-02,9,2026-03-10,4.0,7,204.9,207.5,52,43.4,0,0,
O-03,9,2026-03-10,6.5,6,210.1,211.8,50,48.0,0,0,
O-04,9,2026-03-10,8.0,0,210.3,213.7,80,46.7,0,0,
O-05,9,2026-03-10,3.0,14,202.1,207.9,43,44.1,0,0,
O-06,9,2026-03-10,9.5,3,216.2,221.2,50,41.7,1,116,F-DOOR
O-07,9,2026-03-10,5.5,9,204.9,209.0,44,49.8,0,0,
O-08,9,2026-03-10,11.0,1,215.2,217.8,70,45.0,0,0,
O-01,10,2026-03-11,2.5,7,206.0,210.4,50,41.3,0,0,
O-02,10,2026-03-11,4.0,8,207.9,212.4,61,47.4,0,0,
O-03,10,2026-03-11,6.5,7,210.7,215.5,58,42.9,0,0,
O-04,10,2026-03-11,8.0,1,210.6,211.1,40,46.5,0,0,
O-05,10,2026-03-11,3.0,15,204.8,213.3,66,47.2,0,0,
O-06,10,2026-03-11,9.5,0,213.7,220.1,31,45.5,0,0,
O-07,10,2026-03-11,5.5,10,205.7,209.3,67,44.1,0,0,
O-08,10,2026-03-11,11.0,2,212.4,215.1,51,49.0,0,0,
O-01,11,2026-03-12,2.5,8,204.5,210.4,43,49.4,0,0,
O-02,11,2026-03-12,4.0,9,206.5,208.7,61,48.3,0,0,
O-03,11,2026-03-12,6.5,8,211.7,214.1,66,46.2,0,0,
O-04,11,2026-03-12,8.0,2,208.3,213.8,55,50.3,0,0,
O-05,11,2026-03-12,3.0,16,201.4,210.0,44,43.9,0,0,
O-06,11,2026-03-12,9.5,1,213.5,215.3,53,43.1,0,0,
O-07,11,2026-03-12,5.5,11,208.5,214.0,53,48.9,0,0,
O-08,11,2026-03-12,11.0,3,214.3,220.4,87,52.7,0,0,
O-01,12,2026-03-13,2.5,9,208.3,215.9,68,46.4,0,0,
O-02,12,2026-03-13,4.0,10,207.3,208.6,66,51.2,0,0,
O-03,12,2026-03-13,6.5,9,215.1,218.1,54,44.4,0,0,
O-04,12,2026-03-13,8.0,3,212.5,217.9,51,44.1,0,0,
O-05,12,2026-03-13,3.0,17,201.7,206.2,54,46.0,1,143,F-HEAT
O-06,12,2026-03-13,9.5,2,214.6,217.8,48,49.7,0,0,
O-07,12,2026-03-13,5.5,12,204.2,210.2,68,49.5,0,0,
O-08,12,2026-03-13,11.0,4,213.2,221.9,52,47.5,0,0,
O-01,13,2026-03-14,2.5,10,206.3,211.4,46,44.0,0,0,
O-02,13,2026-03-14,4.0,11,206.3,208.7,68,46.2,0,0,
O-03,13,2026-03-14,6.5,10,210.8,215.9,82,48.0,0,0,
O-04,13,2026-03-14,8.0,4,209.8,212.5,56,53.3,0,0,
O-05,13,2026-03-14,3.0,0,199.2,209.5,58,47.9,0,0,
O-06,13,2026-03-14,9.5,3,216.0,220.5,47,46.7,0,0,
O-07,13,2026-03-14,5.5,13,205.6,208.9,75,54.7,0,0,
O-08,13,2026-03-14,11.0,5,215.6,224.4,56,46.4,0,0,
O-01,14,2026-03-15,2.5,11,205.7,210.3,65,50.0,0,0,
O-02,14,2026-03-15,4.0,12,203.6,208.3,42,50.0,0,0,
O-03,14,2026-03-15,6.5,11,215.4,220.4,72,49.0,1,48,F-HEAT
O-04,14,2026-03-15,8.0,5,213.7,219.0,48,44.9,1,145,F-CTRL
O-05,14,2026-03-15,3.0,1,200.6,202.2,65,53.2,0,0,
O-06,14,2026-03-15,9.5,4,212.3,217.0,42,50.1,0,0,
O-07,14,2026-03-15,5.5,14,208.6,212.5,38,47.6,0,0,
O-08,14,2026-03-15,11.0,6,217.1,224.3,41,47.7,0,0,
O-01,15,2026-03-16,2.5,12,205.2,209.8,31,52.6,0,0,
O-02,15,2026-03-16,4.0,13,203.3,208.1,53,53.1,0,0,
O-03,15,2026-03-16,6.5,0,210.0,210.3,76,48.5,0,0,
O-04,15,2026-03-16,8.0,0,210.7,218.0,51,53.1,0,0,
O-05,15,2026-03-16,3.0,2,197.2,200.1,43,50.7,0,0,
O-06,15,2026-03-16,9.5,5,215.1,218.8,68,48.4,0,0,
O-07,15,2026-03-16,5.5,15,207.5,212.4,88,52.6,0,0,
O-08,15,2026-03-16,11.0,7,216.1,220.9,50,48.4,0,0,
O-01,16,2026-03-17,2.5,13,207.0,213.0,39,47.9,0,0,
O-02,16,2026-03-17,4.0,14,204.9,212.9,67,42.7,0,0,
O-03,16,2026-03-17,6.5,1,210.9,216.6,51,46.5,0,0,
O-04,16,2026-03-17,8.0,1,211.7,218.0,75,50.1,0,0,
O-05,16,2026-03-17,3.0,3,202.2,210.1,51,42.0,0,0,
O-06,16,2026-03-17,9.5,6,215.3,220.1,49,51.3,0,0,
O-07,16,2026-03-17,5.5,16,205.1,208.6,27,47.9,0,0,
O-08,16,2026-03-17,11.0,8,219.1,225.1,62,49.5,1,138,F-DOOR
O-01,17,2026-03-18,2.5,14,204.3,211.8,70,47.4,0,0,
O-02,17,2026-03-18,4.0,15,203.0,205.9,33,45.6,0,0,
O-03,17,2026-03-18,6.5,2,208.8,211.6,65,48.5,0,0,
O-04,17,2026-03-18,8.0,2,207.1,213.4,42,51.0,0,0,
O-05,17,2026-03-18,3.0,4,199.6,204.2,58,49.7,0,0,
O-06,17,2026-03-18,9.5,7,215.8,223.5,55,49.0,0,0,
O-07,17,2026-03-18,5.5,17,210.3,212.8,59,52.9,0,0,
O-08,17,2026-03-18,11.0,0,220.9,222.5,65,46.9,0,0,
O-01,18,2026-03-19,2.5,15,202.8,205.8,42,47.5,0,0,
O-02,18,2026-03-19,4.0,16,205.4,208.5,58,49.7,0,0,
O-03,18,2026-03-19,6.5,3,211.8,222.1,55,48.9,1,215,F-DOOR
O-04,18,2026-03-19,8.0,3,210.7,214.2,63,50.8,0,0,
O-05,18,2026-03-19,3.0,5,203.3,209.3,45,48.8,0,0,
O-06,18,2026-03-19,9.5,8,217.6,220.1,75,46.3,0,0,
O-07,18,2026-03-19,5.5,18,206.0,215.0,47,50.8,0,0,
O-08,18,2026-03-19,11.0,1,215.1,219.1,52,44.0,0,0,
O-01,19,2026-03-20,2.5,16,204.6,211.0,26,50.5,0,0,
O-02,19,2026-03-20,4.0,17,205.9,210.9,46,43.9,0,0,
O-03,19,2026-03-20,6.5,0,210.8,214.5,73,45.5,0,0,
O-04,19,2026-03-20,8.0,4,211.0,216.0,24,49.4,0,0,
O-05,19,2026-03-20,3.0,6,200.3,203.9,57,52.4,0,0,
O-06,19,2026-03-20,9.5,9,213.9,221.1,48,45.4,0,0,
O-07,19,2026-03-20,5.5,19,209.9,213.6,45,49.0,0,0,
O-08,19,2026-03-20,11.0,2,214.1,221.7,56,51.4,0,0,
O-01,20,2026-03-21,2.5,17,207.5,209.8,61,49.4,0,0,
O-02,20,2026-03-21,4.0,18,205.9,215.5,46,52.5,0,0,
O-03,20,2026-03-21,6.5,1,206.3,208.0,82,44.2,0,0,
O-04,20,2026-03-21,8.0,5,209.3,211.3,39,51.4,0,0,
O-05,20,2026-03-21,3.0,7,200.2,202.4,57,49.3,0,0,
O-06,20,2026-03-21,9.5,10,215.3,224.3,55,52.3,0,0,
O-07,20,2026-03-21,5.5,20,206.5,210.8,44,45.5,0,0,
O-08,20,2026-03-21,11.0,3,217.3,222.7,79,46.4,0,0,
O-01,21,2026-03-22,2.5,18,205.9,206.4,66,51.3,0,0,
O-02,21,2026-03-22,4.0,19,206.3,211.3,57,50.7,0,0,
O-03,21,2026-03-22,6.5,2,209.0,213.2,45,54.2,0,0,
O-04,21,2026-03-22,8.0,6,211.8,221.3,68,52.6,1,135,F-HEAT
O-05,21,2026-03-22,3.0,8,202.1,204.4,56,46.0,0,0,
O-06,21,2026-03-22,9.5,11,215.1,216.3,80,44.8,0,0,
O-07,21,2026-03-22,5.5,21,207.7,209.2,75,52.1,0,0,
O-08,21,2026-03-22,11.0,4,213.1,214.3,63,44.7,0,0,
O-01,22,2026-03-23,2.5,19,205.0,205.6,54,52.7,0,0,
O-02,22,2026-03-23,4.0,20,205.1,209.5,51,45.3,0,0,
O-03,22,2026-03-23,6.5,3,208.7,214.4,94,50.4,0,0,
O-04,22,2026-03-23,8.0,0,213.5,215.5,36,54.6,0,0,
O-05,22,2026-03-23,3.0,9,201.9,208.5,70,50.1,0,0,
O-06,22,2026-03-23,9.5,12,218.3,224.1,66,46.3,1,140,F-CTRL
O-07,22,2026-03-23,5.5,22,212.1,227.3,18,46.8,1,90,F-DOOR
O-08,22,2026-03-23,11.0,5,215.8,222.9,57,53.1,0,0,
O-01,23,2026-03-24,2.5,20,207.1,209.2,77,46.6,0,0,
O-02,23,2026-03-24,4.0,21,208.4,213.1,50,47.3,0,0,
O-03,23,2026-03-24,6.5,4,211.4,213.7,48,48.1,0,0,
O-04,23,2026-03-24,8.0,1,206.7,209.8,56,51.1,0,0,
O-05,23,2026-03-24,3.0,10,204.0,208.2,49,41.2,0,0,
O-06,23,2026-03-24,9.5,0,214.6,221.5,76,45.4,0,0,
O-07,23,2026-03-24,5.5,0,204.6,206.9,36,50.8,0,0,
O-08,23,2026-03-24,11.0,6,216.2,221.0,73,49.5,0,0,
O-01,24,2026-03-25,2.5,21,207.9,213.8,60,49.0,0,0,
O-02,24,2026-03-25,4.0,22,206.3,212.0,60,49.6,0,0,
O-03,24,2026-03-25,6.5,5,210.4,217.1,54,47.2,0,0,
O-04,24,2026-03-25,8.0,2,208.8,211.9,20,51.3,0,0,
O-05,24,2026-03-25,3.0,11,197.6,200.8,69,47.6,0,0,
O-06,24,2026-03-25,9.5,1,214.4,220.4,63,54.0,0,0,
O-07,24,2026-03-25,5.5,1,207.5,213.5,78,43.7,0,0,
O-08,24,2026-03-25,11.0,7,217.2,224.8,73,45.2,0,0,
O-01,25,2026-03-26,2.5,22,205.7,211.6,81,46.0,0,0,
O-02,25,2026-03-26,4.0,23,210.5,214.6,50,49.1,0,0,
O-03,25,2026-03-26,6.5,6,211.5,218.3,67,50.0,0,0,
O-04,25,2026-03-26,8.0,3,205.9,210.9,80,51.6,0,0,
O-05,25,2026-03-26,3.0,12,200.6,202.0,47,52.2,0,0,
O-06,25,2026-03-26,9.5,2,218.0,223.7,26,46.7,1,45,F-HEAT
O-07,25,2026-03-26,5.5,2,206.5,215.1,57,53.7,0,0,
O-08,25,2026-03-26,11.0,8,218.5,230.1,73,46.7,1,166,F-HEAT
O-01,26,2026-03-27,2.5,23,207.3,211.5,57,49.0,0,0,
O-02,26,2026-03-27,4.0,24,207.6,207.7,50,52.1,0,0,
O-03,26,2026-03-27,6.5,7,210.7,212.9,45,57.7,0,0,
O-04,26,2026-03-27,8.0,4,209.4,209.7,50,49.2,0,0,
O-05,26,2026-03-27,3.0,13,196.7,204.8,61,48.3,0,0,
O-06,26,2026-03-27,9.5,0,219.0,219.9,42,49.0,0,0,
O-07,26,2026-03-27,5.5,3,205.8,208.6,54,51.6,0,0,
O-08,26,2026-03-27,11.0,0,214.9,220.0,48,52.2,0,0,
O-01,27,2026-03-28,2.5,24,205.7,208.6,41,51.2,0,0,
O-02,27,2026-03-28,4.0,25,208.1,214.7,44,50.5,0,0,
O-03,27,2026-03-28,6.5,8,212.6,215.0,79,50.5,0,0,
O-04,27,2026-03-28,8.0,5,210.8,215.1,73,48.5,0,0,
O-05,27,2026-03-28,3.0,14,203.5,208.7,63,52.1,0,0,
O-06,27,2026-03-28,9.5,1,213.9,218.3,63,52.1,0,0,
O-07,27,2026-03-28,5.5,4,206.0,206.5,55,52.9,0,0,
O-08,27,2026-03-28,11.0,1,215.9,223.9,62,50.2,0,0,
O-01,28,2026-03-29,2.5,25,204.5,206.1,43,49.1,0,0,
O-02,28,2026-03-29,4.0,26,206.4,213.1,62,53.2,0,0,
O-03,28,2026-03-29,6.5,9,213.0,224.5,61,46.7,1,204,F-HEAT
O-04,28,2026-03-29,8.0,6,209.6,218.1,51,47.9,0,0,
O-05,28,2026-03-29,3.0,15,200.2,203.5,43,45.0,0,0,
O-06,28,2026-03-29,9.5,2,214.8,220.7,44,49.6,0,0,
O-07,28,2026-03-29,5.5,5,207.8,213.5,49,44.7,0,0,
O-08,28,2026-03-29,11.0,2,216.8,221.7,63,51.8,0,0,
O-01,29,2026-03-30,2.5,26,209.1,212.3,68,52.4,0,0,
O-02,29,2026-03-30,4.0,27,206.1,209.7,74,53.6,0,0,
O-03,29,2026-03-30,6.5,0,209.5,216.4,33,47.7,0,0,
O-04,29,2026-03-30,8.0,7,208.1,210.4,70,52.5,0,0,
O-05,29,2026-03-30,3.0,16,200.2,204.1,53,42.0,0,0,
O-06,29,2026-03-30,9.5,3,217.2,220.6,67,51.5,0,0,
O-07,29,2026-03-30,5.5,6,206.6,213.4,36,54.0,1,126,F-DOOR
O-08,29,2026-03-30,11.0,3,215.5,216.8,65,52.7,0,0,
O-01,30,2026-03-31,2.5,27,206.0,210.9,60,42.6,0,0,
O-02,30,2026-03-31,4.0,28,204.4,208.1,73,55.3,0,0,
O-03,30,2026-03-31,6.5,1,213.8,223.9,68,51.0,1,59,F-CTRL
O-04,30,2026-03-31,8.0,8,213.8,214.8,77,52.3,0,0,
O-05,30,2026-03-31,3.0,17,200.2,201.6,66,54.2,0,0,
O-06,30,2026-03-31,9.5,4,214.7,223.2,68,49.6,0,0,
O-07,30,2026-03-31,5.5,0,203.2,205.4,53,53.5,0,0,
O-08,30,2026-03-31,11.0,4,216.7,217.0,48,47.8,0,0,
O-01,31,2026-04-01,2.5,28,209.2,212.6,74,48.5,0,0,
O-02,31,2026-04-01,4.0,29,208.5,210.6,45,45.9,0,0,
O-03,31,2026-04-01,6.5,0,210.5,214.2,48,47.4,0,0,
O-04,31,2026-04-01,8.0,9,211.2,215.3,46,48.1,0,0,
O-05,31,2026-04-01,3.0,18,200.1,206.1,40,51.0,0,0,
O-06,31,2026-04-01,9.5,5,213.5,215.2,77,53.2,0,0,
O-07,31,2026-04-01,5.5,1,205.0,208.4,52,50.4,1,79,F-DOOR
O-08,31,2026-04-01,11.0,5,217.9,220.5,58,50.5,0,0,
O-01,32,2026-04-02,2.5,29,206.7,210.7,44,46.9,0,0,
O-02,32,2026-04-02,4.0,30,208.1,212.4,49,46.4,0,0,
O-03,32,2026-04-02,6.5,1,209.4,216.5,50,43.1,0,0,
O-04,32,2026-04-02,8.0,10,209.6,213.2,51,49.4,0,0,
O-05,32,2026-04-02,3.0,19,203.0,207.6,53,54.3,0,0,
O-06,32,2026-04-02,9.5,6,214.5,219.8,67,47.4,0,0,
O-07,32,2026-04-02,5.5,0,208.4,211.0,57,52.2,0,0,
O-08,32,2026-04-02,11.0,6,216.9,219.8,18,47.5,0,0,
O-01,33,2026-04-03,2.5,30,212.4,224.1,44,52.3,1,176,F-CTRL
O-02,33,2026-04-03,4.0,31,209.2,218.0,64,57.1,1,45,F-CTRL
O-03,33,2026-04-03,6.5,2,211.6,215.3,43,50.6,0,0,
O-04,33,2026-04-03,8.0,11,209.6,210.2,45,49.6,0,0,
O-05,33,2026-04-03,3.0,20,203.1,208.1,37,46.5,0,0,
O-06,33,2026-04-03,9.5,7,214.7,217.5,70,51.3,0,0,
O-07,33,2026-04-03,5.5,1,205.4,209.4,52,50.9,0,0,
O-08,33,2026-04-03,11.0,7,213.6,216.4,34,52.8,0,0,
O-01,34,2026-04-04,2.5,0,202.9,207.3,49,48.1,0,0,
O-02,34,2026-04-04,4.0,0,205.9,210.5,49,53.8,0,0,
O-03,34,2026-04-04,6.5,3,210.3,213.3,37,47.5,0,0,
O-04,34,2026-04-04,8.0,12,209.5,211.5,63,51.4,0,0,
O-05,34,2026-04-04,3.0,21,201.9,202.6,42,46.1,0,0,
O-06,34,2026-04-04,9.5,8,216.1,219.1,35,50.7,0,0,
O-07,34,2026-04-04,5.5,2,205.9,208.2,44,51.0,0,0,
O-08,34,2026-04-04,11.0,8,216.4,221.9,43,46.5,0,0,
O-01,35,2026-04-05,2.5,1,205.5,205.9,57,48.7,0,0,
O-02,35,2026-04-05,4.0,1,206.0,209.1,47,57.5,0,0,
O-03,35,2026-04-05,6.5,4,208.3,208.7,26,49.3,0,0,
O-04,35,2026-04-05,8.0,13,211.8,214.1,71,49.4,0,0,
O-05,35,2026-04-05,3.0,22,205.6,209.9,80,50.8,0,0,
O-06,35,2026-04-05,9.5,9,217.6,223.0,68,46.6,0,0,
O-07,35,2026-04-05,5.5,3,204.1,209.1,46,47.8,0,0,
O-08,35,2026-04-05,11.0,9,216.5,216.6,58,49.2,0,0,
O-01,36,2026-04-06,2.5,2,203.9,208.1,64,49.7,0,0,
O-02,36,2026-04-06,4.0,2,206.6,208.3,56,45.0,0,0,
O-03,36,2026-04-06,6.5,5,208.3,212.6,44,44.5,0,0,
O-04,36,2026-04-06,8.0,14,211.3,217.7,81,56.2,0,0,
O-05,36,2026-04-06,3.0,23,203.6,209.6,81,48.1,0,0,
O-06,36,2026-04-06,9.5,10,217.5,218.5,40,49.6,0,0,
O-07,36,2026-04-06,5.5,4,205.8,208.4,48,49.4,0,0,
O-08,36,2026-04-06,11.0,10,216.2,222.3,73,47.9,0,0,
O-01,37,2026-04-07,2.5,3,206.6,212.3,60,45.2,0,0,
O-02,37,2026-04-07,4.0,3,203.6,204.1,65,50.4,0,0,
O-03,37,2026-04-07,6.5,6,210.7,213.5,50,50.2,0,0,
O-04,37,2026-04-07,8.0,15,212.2,216.9,68,49.7,0,0,
O-05,37,2026-04-07,3.0,24,202.3,203.9,31,50.6,0,0,
O-06,37,2026-04-07,9.5,11,215.4,219.5,28,48.6,0,0,
O-07,37,2026-04-07,5.5,5,205.3,207.0,26,44.9,0,0,
O-08,37,2026-04-07,11.0,11,216.9,222.4,34,49.3,0,0,
O-01,38,2026-04-08,2.5,4,205.7,207.9,64,53.0,0,0,
O-02,38,2026-04-08,4.0,4,208.1,209.4,36,47.4,0,0,
O-03,38,2026-04-08,6.5,7,211.2,213.8,61,50.8,0,0,
O-04,38,2026-04-08,8.0,16,217.8,228.7,81,46.3,1,92,F-DOOR
O-05,38,2026-04-08,3.0,25,203.3,208.4,61,49.4,0,0,
O-06,38,2026-04-08,9.5,12,218.3,224.3,65,54.5,0,0,
O-07,38,2026-04-08,5.5,6,205.2,212.7,37,47.9,0,0,
O-08,38,2026-04-08,11.0,12,215.6,221.7,36,48.5,0,0,
O-01,39,2026-04-09,2.5,5,206.6,212.5,83,51.4,0,0,
O-02,39,2026-04-09,4.0,5,203.9,210.4,67,52.5,0,0,
O-03,39,2026-04-09,6.5,8,210.5,211.8,59,51.2,0,0,
O-04,39,2026-04-09,8.0,0,207.8,214.0,38,52.8,0,0,
O-05,39,2026-04-09,3.0,26,200.6,203.9,44,44.1,0,0,
O-06,39,2026-04-09,9.5,13,216.1,217.9,38,43.9,0,0,
O-07,39,2026-04-09,5.5,7,207.8,217.0,64,45.2,0,0,
O-08,39,2026-04-09,11.0,13,219.5,227.5,50,52.6,1,189,F-DOOR
O-01,40,2026-04-10,2.5,6,204.3,210.6,42,47.0,0,0,
O-02,40,2026-04-10,4.0,6,207.2,207.7,66,46.4,0,0,
O-03,40,2026-04-10,6.5,9,211.1,216.6,54,47.1,0,0,
O-04,40,2026-04-10,8.0,1,211.6,215.9,54,51.4,0,0,
O-05,40,2026-04-10,3.0,27,200.5,207.9,52,49.8,0,0,
O-06,40,2026-04-10,9.5,14,213.5,215.8,64,47.8,1,212,F-DOOR
O-07,40,2026-04-10,5.5,8,206.1,209.6,69,48.6,0,0,
O-08,40,2026-04-10,11.0,0,218.2,222.9,47,50.7,0,0,
O-01,41,2026-04-11,2.5,7,206.0,210.5,57,52.1,0,0,
O-02,41,2026-04-11,4.0,7,203.8,207.4,60,39.8,0,0,
O-03,41,2026-04-11,6.5,10,209.9,213.0,42,49.9,0,0,
O-04,41,2026-04-11,8.0,2,209.4,217.2,33,47.2,0,0,
O-05,41,2026-04-11,3.0,28,198.0,203.4,60,50.3,0,0,
O-06,41,2026-04-11,9.5,0,216.4,219.5,54,48.2,0,0,
O-07,41,2026-04-11,5.5,9,207.3,212.2,56,49.0,0,0,
O-08,41,2026-04-11,11.0,1,214.8,220.8,44,47.5,0,0,
O-01,42,2026-04-12,2.5,8,206.3,213.3,56,52.3,0,0,
O-02,42,2026-04-12,4.0,8,209.9,213.9,57,51.1,0,0,
O-03,42,2026-04-12,6.5,11,211.4,220.7,30,50.2,0,0,
O-04,42,2026-04-12,8.0,3,205.9,206.9,14,47.2,0,0,
O-05,42,2026-04-12,3.0,29,204.5,214.3,29,47.1,1,189,F-DOOR
O-06,42,2026-04-12,9.5,1,216.8,220.0,57,47.7,0,0,
O-07,42,2026-04-12,5.5,10,207.9,213.9,72,46.4,0,0,
O-08,42,2026-04-12,11.0,2,217.6,219.6,48,45.6,0,0,
O-01,43,2026-04-13,2.5,9,210.4,212.4,66,56.3,0,0,
O-02,43,2026-04-13,4.0,9,205.5,212.5,45,49.7,0,0,
O-03,43,2026-04-13,6.5,12,212.4,216.4,64,49.4,0,0,
O-04,43,2026-04-13,8.0,4,213.8,217.1,64,46.3,0,0,
O-05,43,2026-04-13,3.0,0,201.5,207.3,45,49.0,0,0,
O-06,43,2026-04-13,9.5,2,214.1,214.2,76,48.3,0,0,
O-07,43,2026-04-13,5.5,11,202.8,203.9,53,45.5,0,0,
O-08,43,2026-04-13,11.0,3,215.7,219.5,44,44.4,0,0,
O-01,44,2026-04-14,2.5,10,204.6,210.3,61,50.8,0,0,
O-02,44,2026-04-14,4.0,10,206.0,211.3,52,51.7,0,0,
O-03,44,2026-04-14,6.5,13,211.1,212.5,53,47.2,0,0,
O-04,44,2026-04-14,8.0,5,212.7,216.4,75,47.8,0,0,
O-05,44,2026-04-14,3.0,1,198.5,200.0,79,49.3,0,0,
O-06,44,2026-04-14,9.5,3,213.7,215.9,54,50.9,0,0,
O-07,44,2026-04-14,5.5,12,208.4,212.6,80,51.7,0,0,
O-08,44,2026-04-14,11.0,4,216.1,224.1,48,46.7,0,0,
O-01,45,2026-04-15,2.5,11,204.5,206.8,34,45.7,0,0,
O-02,45,2026-04-15,4.0,11,208.3,214.6,52,48.6,0,0,
O-03,45,2026-04-15,6.5,14,209.5,210.7,68,49.3,0,0,
O-04,45,2026-04-15,8.0,6,212.7,218.1,36,48.6,0,0,
O-05,45,2026-04-15,3.0,2,198.3,202.6,67,44.8,0,0,
O-06,45,2026-04-15,9.5,4,217.1,220.6,46,48.0,0,0,
O-07,45,2026-04-15,5.5,13,204.6,208.0,14,46.4,0,0,
O-08,45,2026-04-15,11.0,5,216.9,219.0,92,45.9,0,0,
O-01,46,2026-04-16,2.5,12,205.5,209.0,61,48.3,0,0,
O-02,46,2026-04-16,4.0,12,208.3,213.5,48,48.3,0,0,
O-03,46,2026-04-16,6.5,15,211.8,215.4,48,54.8,0,0,
O-04,46,2026-04-16,8.0,7,213.5,218.4,41,50.3,0,0,
O-05,46,2026-04-16,3.0,3,202.6,205.0,67,46.7,0,0,
O-06,46,2026-04-16,9.5,5,213.9,219.2,68,47.7,0,0,
O-07,46,2026-04-16,5.5,14,207.7,213.1,56,49.9,0,0,
O-08,46,2026-04-16,11.0,6,214.0,216.3,57,47.6,0,0,
O-01,47,2026-04-17,2.5,13,205.5,206.1,71,50.2,0,0,
O-02,47,2026-04-17,4.0,13,207.6,211.6,75,51.5,0,0,
O-03,47,2026-04-17,6.5,16,212.0,215.6,64,44.8,0,0,
O-04,47,2026-04-17,8.0,8,210.6,213.5,57,48.1,0,0,
O-05,47,2026-04-17,3.0,4,200.2,203.3,66,46.2,0,0,
O-06,47,2026-04-17,9.5,6,218.8,221.6,48,42.4,0,0,
O-07,47,2026-04-17,5.5,15,208.1,213.8,23,45.0,0,0,
O-08,47,2026-04-17,11.0,7,216.7,222.7,53,48.5,0,0,
O-01,48,2026-04-18,2.5,14,207.3,209.4,39,48.1,0,0,
O-02,48,2026-04-18,4.0,14,206.4,207.4,48,46.6,0,0,
O-03,48,2026-04-18,6.5,17,211.3,213.9,62,51.1,0,0,
O-04,48,2026-04-18,8.0,9,206.6,208.3,37,48.5,0,0,
O-05,48,2026-04-18,3.0,5,201.0,202.9,56,48.9,0,0,
O-06,48,2026-04-18,9.5,7,216.4,221.9,67,49.1,0,0,
O-07,48,2026-04-18,5.5,16,206.8,213.2,48,48.5,0,0,
O-08,48,2026-04-18,11.0,8,217.1,222.3,42,47.9,0,0,
O-01,49,2026-04-19,2.5,15,209.0,213.6,61,48.3,0,0,
O-02,49,2026-04-19,4.0,15,206.6,213.2,45,49.3,0,0,
O-03,49,2026-04-19,6.5,18,208.2,213.6,51,47.0,0,0,
O-04,49,2026-04-19,8.0,10,210.4,214.8,75,44.9,0,0,
O-05,49,2026-04-19,3.0,6,199.3,204.0,43,51.2,0,0,
O-06,49,2026-04-19,9.5,8,214.6,219.9,66,49.8,0,0,
O-07,49,2026-04-19,5.5,17,205.9,207.1,56,46.5,0,0,
O-08,49,2026-04-19,11.0,9,215.9,221.1,34,43.3,0,0,
O-01,50,2026-04-20,2.5,16,206.5,208.4,89,49.2,0,0,
O-02,50,2026-04-20,4.0,16,205.2,208.0,28,47.6,0,0,
O-03,50,2026-04-20,6.5,19,214.6,215.2,72,51.0,0,0,
O-04,50,2026-04-20,8.0,11,210.1,215.1,65,44.1,0,0,
O-05,50,2026-04-20,3.0,7,199.3,200.6,62,50.9,0,0,
O-06,50,2026-04-20,9.5,9,215.8,220.4,60,47.5,0,0,
O-07,50,2026-04-20,5.5,18,203.2,206.0,69,49.3,0,0,
O-08,50,2026-04-20,11.0,10,216.4,221.1,54,49.7,0,0,
O-01,51,2026-04-21,2.5,17,207.0,213.6,86,46.4,0,0,
O-02,51,2026-04-21,4.0,17,203.7,208.7,41,46.5,0,0,
O-03,51,2026-04-21,6.5,20,214.2,214.8,56,45.1,0,0,
O-04,51,2026-04-21,8.0,12,210.4,216.4,47,42.5,0,0,
O-05,51,2026-04-21,3.0,8,201.9,205.3,65,44.5,0,0,
O-06,51,2026-04-21,9.5,10,216.7,219.3,51,49.3,0,0,
O-07,51,2026-04-21,5.5,19,206.9,211.2,30,45.9,0,0,
O-08,51,2026-04-21,11.0,11,216.6,217.1,75,45.6,0,0,
O-01,52,2026-04-22,2.5,18,206.8,209.1,63,49.6,0,0,
O-02,52,2026-04-22,4.0,18,208.5,208.7,51,41.1,0,0,
O-03,52,2026-04-22,6.5,21,210.3,216.5,69,44.9,0,0,
O-04,52,2026-04-22,8.0,13,211.2,215.7,69,50.6,0,0,
O-05,52,2026-04-22,3.0,9,200.4,205.2,48,44.3,0,0,
O-06,52,2026-04-22,9.5,11,217.2,227.4,49,49.0,1,118,F-DOOR
O-07,52,2026-04-22,5.5,20,205.4,212.7,50,40.0,0,0,
O-08,52,2026-04-22,11.0,12,217.6,225.8,54,54.2,0,0,
O-01,53,2026-04-23,2.5,19,207.1,210.2,47,46.8,1,213,F-HEAT
O-02,53,2026-04-23,4.0,19,203.1,210.8,77,41.2,0,0,
O-03,53,2026-04-23,6.5,22,211.5,217.2,47,40.7,0,0,
O-04,53,2026-04-23,8.0,14,211.5,211.9,50,44.2,0,0,
O-05,53,2026-04-23,3.0,10,199.2,203.1,53,44.2,0,0,
O-06,53,2026-04-23,9.5,0,216.8,221.0,42,42.9,0,0,
O-07,53,2026-04-23,5.5,21,206.8,215.0,81,46.6,1,168,F-HEAT
O-08,53,2026-04-23,11.0,13,217.2,219.5,63,46.5,0,0,
O-01,54,2026-04-24,2.5,0,204.6,209.0,59,41.1,0,0,
O-02,54,2026-04-24,4.0,20,207.1,211.1,52,42.0,0,0,
O-03,54,2026-04-24,6.5,23,210.9,212.9,65,46.3,0,0,
O-04,54,2026-04-24,8.0,15,210.8,212.7,50,41.9,0,0,
O-05,54,2026-04-24,3.0,11,202.0,207.9,53,45.1,0,0,
O-06,54,2026-04-24,9.5,1,217.2,217.8,60,44.9,0,0,
O-07,54,2026-04-24,5.5,0,204.8,209.7,41,43.0,0,0,
O-08,54,2026-04-24,11.0,14,217.0,224.2,59,45.7,0,0,
O-01,55,2026-04-25,2.5,1,204.6,207.9,55,46.6,0,0,
O-02,55,2026-04-25,4.0,21,207.6,210.8,41,45.8,0,0,
O-03,55,2026-04-25,6.5,24,213.0,218.6,61,46.7,0,0,
O-04,55,2026-04-25,8.0,16,212.6,220.3,60,44.6,1,223,F-CTRL
O-05,55,2026-04-25,3.0,12,199.3,202.5,55,43.2,0,0,
O-06,55,2026-04-25,9.5,2,216.7,217.8,50,49.1,0,0,
O-07,55,2026-04-25,5.5,1,208.5,209.6,73,47.8,0,0,
O-08,55,2026-04-25,11.0,15,214.1,215.1,75,49.2,0,0,
O-01,56,2026-04-26,2.5,2,204.9,207.9,48,50.3,0,0,
O-02,56,2026-04-26,4.0,22,209.2,215.8,63,44.3,0,0,
O-03,56,2026-04-26,6.5,25,209.1,209.4,72,49.0,0,0,
O-04,56,2026-04-26,8.0,0,209.1,210.9,66,43.0,0,0,
O-05,56,2026-04-26,3.0,13,199.5,201.7,81,47.3,0,0,
O-06,56,2026-04-26,9.5,3,214.6,216.9,60,46.6,0,0,
O-07,56,2026-04-26,5.5,2,204.1,204.3,66,46.6,0,0,
O-08,56,2026-04-26,11.0,16,217.8,223.2,59,47.4,0,0,
O-01,57,2026-04-27,2.5,3,205.4,210.6,49,44.8,0,0,
O-02,57,2026-04-27,4.0,23,204.5,204.7,51,42.6,0,0,
O-03,57,2026-04-27,6.5,26,215.3,225.5,47,44.9,1,238,F-DOOR
O-04,57,2026-04-27,8.0,1,211.4,214.5,62,52.1,0,0,
O-05,57,2026-04-27,3.0,14,202.3,204.7,71,44.8,0,0,
O-06,57,2026-04-27,9.5,4,215.6,222.6,36,44.4,0,0,
O-07,57,2026-04-27,5.5,3,204.7,214.0,52,51.5,0,0,
O-08,57,2026-04-27,11.0,17,215.1,219.7,36,46.6,0,0,
O-01,58,2026-04-28,2.5,4,204.5,205.7,47,42.1,0,0,
O-02,58,2026-04-28,4.0,24,204.1,211.1,45,47.9,0,0,
O-03,58,2026-04-28,6.5,0,210.0,214.7,59,39.7,0,0,
O-04,58,2026-04-28,8.0,2,210.9,211.0,60,45.1,0,0,
O-05,58,2026-04-28,3.0,15,202.0,207.2,73,39.3,0,0,
O-06,58,2026-04-28,9.5,5,214.0,219.6,52,46.0,0,0,
O-07,58,2026-04-28,5.5,4,208.8,210.6,52,49.5,0,0,
O-08,58,2026-04-28,11.0,18,216.5,217.1,40,47.0,0,0,
O-01,59,2026-04-29,2.5,5,205.4,206.2,73,42.5,0,0,
O-02,59,2026-04-29,4.0,25,206.3,206.6,72,43.7,0,0,
O-03,59,2026-04-29,6.5,1,209.9,216.6,39,50.1,0,0,
O-04,59,2026-04-29,8.0,3,210.2,210.6,79,46.2,0,0,
O-05,59,2026-04-29,3.0,16,201.4,203.7,58,41.3,0,0,
O-06,59,2026-04-29,9.5,6,216.5,216.9,57,39.6,0,0,
O-07,59,2026-04-29,5.5,5,206.2,214.7,48,46.0,0,0,
O-08,59,2026-04-29,11.0,19,214.9,222.5,68,45.4,0,0,
O-01,60,2026-04-30,2.5,6,206.1,212.4,71,47.7,0,0,
O-02,60,2026-04-30,4.0,26,208.2,216.3,51,44.9,0,0,
O-03,60,2026-04-30,6.5,2,211.3,216.8,65,44.2,0,0,
O-04,60,2026-04-30,8.0,4,210.6,213.9,36,41.7,0,0,
O-05,60,2026-04-30,3.0,17,201.3,207.7,29,50.2,0,0,
O-06,60,2026-04-30,9.5,7,216.6,223.6,62,42.2,0,0,
O-07,60,2026-04-30,5.5,6,205.0,206.7,64,43.7,0,0,
O-08,60,2026-04-30,11.0,20,215.9,221.7,69,44.4,0,0,
O-01,61,2026-05-01,2.5,7,205.3,209.5,56,43.9,0,0,
O-02,61,2026-05-01,4.0,27,207.0,208.7,38,39.5,0,0,
O-03,61,2026-05-01,6.5,3,209.1,216.8,52,42.9,0,0,
O-04,61,2026-05-01,8.0,5,213.0,219.3,78,43.3,0,0,
O-05,61,2026-05-01,3.0,18,198.6,206.0,55,42.1,0,0,
O-06,61,2026-05-01,9.5,8,216.2,222.2,73,43.7,0,0,
O-07,61,2026-05-01,5.5,7,206.3,206.8,62,44.4,0,0,
O-08,61,2026-05-01,11.0,21,217.7,221.7,55,44.0,0,0,
O-01,62,2026-05-02,2.5,8,203.0,210.4,69,40.6,0,0,
O-02,62,2026-05-02,4.0,28,204.6,204.6,42,40.2,0,0,
O-03,62,2026-05-02,6.5,4,207.4,213.0,61,43.1,0,0,
O-04,62,2026-05-02,8.0,6,211.7,219.9,50,40.4,1,184,F-CTRL
O-05,62,2026-05-02,3.0,19,201.8,205.4,64,43.2,0,0,
O-06,62,2026-05-02,9.5,9,213.8,221.0,62,43.7,0,0,
O-07,62,2026-05-02,5.5,8,205.6,214.1,95,50.0,0,0,
O-08,62,2026-05-02,11.0,22,217.3,221.5,52,42.0,0,0,
O-01,63,2026-05-03,2.5,9,206.8,218.4,52,43.0,0,0,
O-02,63,2026-05-03,4.0,29,208.5,211.4,65,44.8,0,0,
O-03,63,2026-05-03,6.5,5,213.1,220.1,78,42.7,1,160,F-DOOR
O-04,63,2026-05-03,8.0,0,210.0,213.2,50,37.7,0,0,
O-05,63,2026-05-03,3.0,20,200.8,203.7,75,44.6,0,0,
O-06,63,2026-05-03,9.5,10,213.4,217.2,66,41.9,0,0,
O-07,63,2026-05-03,5.5,9,206.1,213.9,109,38.7,0,0,
O-08,63,2026-05-03,11.0,23,216.1,220.4,66,44.1,0,0,
O-01,64,2026-05-04,2.5,10,205.6,206.5,55,43.2,0,0,
O-02,64,2026-05-04,4.0,30,210.8,215.2,46,42.2,0,0,
O-03,64,2026-05-04,6.5,0,211.0,217.0,81,45.9,0,0,
O-04,64,2026-05-04,8.0,1,208.3,214.8,29,40.2,0,0,
O-05,64,2026-05-04,3.0,21,202.1,210.8,67,41.9,0,0,
O-06,64,2026-05-04,9.5,11,217.1,221.8,71,40.6,0,0,
O-07,64,2026-05-04,5.5,10,207.0,213.6,76,37.5,0,0,
O-08,64,2026-05-04,11.0,24,217.9,220.2,55,44.6,0,0,
O-01,65,2026-05-05,2.5,11,206.1,210.2,58,45.9,0,0,
O-02,65,2026-05-05,4.0,31,209.8,214.8,64,41.0,1,48,F-CTRL
O-03,65,2026-05-05,6.5,1,211.1,211.9,62,40.7,0,0,
O-04,65,2026-05-05,8.0,2,209.8,214.8,66,40.3,0,0,
O-05,65,2026-05-05,3.0,22,202.5,206.5,48,44.2,0,0,
O-06,65,2026-05-05,9.5,12,214.6,222.4,52,37.2,0,0,
O-07,65,2026-05-05,5.5,11,205.2,211.4,55,42.2,0,0,
O-08,65,2026-05-05,11.0,25,215.2,217.7,53,38.1,0,0,
O-01,66,2026-05-06,2.5,12,206.5,209.5,47,41.6,0,0,
O-02,66,2026-05-06,4.0,0,204.5,211.0,68,43.9,0,0,
O-03,66,2026-05-06,6.5,2,210.2,211.7,57,42.1,0,0,
O-04,66,2026-05-06,8.0,3,209.7,210.0,62,41.7,0,0,
O-05,66,2026-05-06,3.0,23,204.4,211.0,55,42.8,0,0,
O-06,66,2026-05-06,9.5,13,215.6,216.2,46,38.4,0,0,
O-07,66,2026-05-06,5.5,12,208.0,215.8,41,43.0,0,0,
O-08,66,2026-05-06,11.0,26,215.8,220.1,65,41.2,0,0,
O-01,67,2026-05-07,2.5,13,207.2,214.3,33,39.2,0,0,
O-02,67,2026-05-07,4.0,1,205.0,211.1,42,37.7,0,0,
O-03,67,2026-05-07,6.5,3,211.7,220.5,66,41.2,0,0,
O-04,67,2026-05-07,8.0,4,211.7,218.8,84,43.0,0,0,
O-05,67,2026-05-07,3.0,24,201.0,206.9,47,44.9,0,0,
O-06,67,2026-05-07,9.5,14,218.8,221.9,44,43.0,0,0,
O-07,67,2026-05-07,5.5,13,203.8,208.7,66,43.0,0,0,
O-08,67,2026-05-07,11.0,27,217.9,219.2,47,50.8,0,0,
O-01,68,2026-05-08,2.5,14,207.4,208.8,54,42.8,0,0,
O-02,68,2026-05-08,4.0,2,204.8,205.6,65,42.3,0,0,
O-03,68,2026-05-08,6.5,4,207.9,211.4,53,41.7,0,0,
O-04,68,2026-05-08,8.0,5,211.6,219.7,66,39.1,0,0,
O-05,68,2026-05-08,3.0,25,202.2,203.4,46,38.4,0,0,
O-06,68,2026-05-08,9.5,15,214.3,217.2,51,40.2,0,0,
O-07,68,2026-05-08,5.5,14,206.7,213.1,52,39.2,0,0,
O-08,68,2026-05-08,11.0,28,222.6,233.7,79,40.9,1,121,F-CTRL
O-01,69,2026-05-09,2.5,15,207.9,212.9,75,38.9,1,239,F-DOOR
O-02,69,2026-05-09,4.0,3,204.7,207.0,63,43.9,0,0,
O-03,69,2026-05-09,6.5,5,206.6,212.5,40,43.4,0,0,
O-04,69,2026-05-09,8.0,6,210.3,214.9,57,38.0,0,0,
O-05,69,2026-05-09,3.0,26,201.8,205.7,36,36.2,0,0,
O-06,69,2026-05-09,9.5,16,215.0,217.7,67,43.0,0,0,
O-07,69,2026-05-09,5.5,15,204.0,206.8,59,37.3,0,0,
O-08,69,2026-05-09,11.0,0,214.5,217.9,54,34.4,0,0,
O-01,70,2026-05-10,2.5,0,206.0,211.4,61,42.8,0,0,
O-02,70,2026-05-10,4.0,4,204.6,206.9,36,40.0,0,0,
O-03,70,2026-05-10,6.5,6,209.7,212.1,65,42.2,0,0,
O-04,70,2026-05-10,8.0,7,211.5,216.9,66,40.1,1,46,F-DOOR
O-05,70,2026-05-10,3.0,27,202.1,205.3,65,36.6,0,0,
O-06,70,2026-05-10,9.5,17,220.1,232.1,54,42.1,1,216,F-DOOR
O-07,70,2026-05-10,5.5,16,204.3,208.9,57,40.3,0,0,
O-08,70,2026-05-10,11.0,1,217.0,219.5,43,39.2,0,0,
O-01,71,2026-05-11,2.5,1,205.8,210.3,66,35.6,0,0,
O-02,71,2026-05-11,4.0,5,204.5,209.3,43,40.2,0,0,
O-03,71,2026-05-11,6.5,7,210.9,221.9,52,39.8,0,0,
O-04,71,2026-05-11,8.0,0,212.0,215.8,83,46.1,1,73,F-DOOR
O-05,71,2026-05-11,3.0,28,203.1,213.5,61,43.6,1,229,F-CTRL
O-06,71,2026-05-11,9.5,0,217.3,222.3,73,48.3,0,0,
O-07,71,2026-05-11,5.5,17,205.2,205.3,38,39.6,0,0,
O-08,71,2026-05-11,11.0,2,216.3,219.6,35,42.8,0,0,
O-01,72,2026-05-12,2.5,2,204.9,210.2,46,40.3,0,0,
O-02,72,2026-05-12,4.0,6,205.9,208.8,64,42.0,0,0,
O-03,72,2026-05-12,6.5,8,207.9,210.6,35,37.7,0,0,
O-04,72,2026-05-12,8.0,0,207.0,208.5,53,39.1,0,0,
O-05,72,2026-05-12,3.0,0,198.6,206.7,62,42.7,0,0,
O-06,72,2026-05-12,9.5,1,213.5,215.8,53,37.9,0,0,
O-07,72,2026-05-12,5.5,18,208.5,209.7,55,40.1,0,0,
O-08,72,2026-05-12,11.0,3,219.0,227.3,36,39.6,0,0,
O-01,73,2026-05-13,2.5,3,205.3,210.2,61,40.8,0,0,
O-02,73,2026-05-13,4.0,7,206.0,212.9,61,37.6,0,0,
O-03,73,2026-05-13,6.5,9,211.4,216.5,55,37.5,0,0,
O-04,73,2026-05-13,8.0,1,209.3,212.8,76,41.0,0,0,
O-05,73,2026-05-13,3.0,1,202.1,202.9,49,39.7,0,0,
O-06,73,2026-05-13,9.5,2,213.3,217.6,64,40.8,0,0,
O-07,73,2026-05-13,5.5,19,206.5,214.0,42,44.6,0,0,
O-08,73,2026-05-13,11.0,4,213.2,217.5,59,40.4,0,0,
O-01,74,2026-05-14,2.5,4,200.4,201.4,57,38.3,0,0,
O-02,74,2026-05-14,4.0,8,208.3,213.3,47,41.3,0,0,
O-03,74,2026-05-14,6.5,10,210.1,213.1,54,39.7,0,0,
O-04,74,2026-05-14,8.0,2,207.4,211.1,74,43.2,0,0,
O-05,74,2026-05-14,3.0,2,201.2,204.3,40,42.9,0,0,
O-06,74,2026-05-14,9.5,3,214.8,215.1,60,38.7,0,0,
O-07,74,2026-05-14,5.5,20,206.4,210.7,48,37.4,0,0,
O-08,74,2026-05-14,11.0,5,218.3,218.6,85,43.8,0,0,
O-01,75,2026-05-15,2.5,5,207.2,207.6,67,41.4,0,0,
O-02,75,2026-05-15,4.0,9,207.1,207.2,68,45.7,0,0,
O-03,75,2026-05-15,6.5,11,211.3,219.7,63,38.7,0,0,
O-04,75,2026-05-15,8.0,3,210.8,215.5,53,38.0,0,0,
O-05,75,2026-05-15,3.0,3,198.2,205.4,56,39.2,0,0,
O-06,75,2026-05-15,9.5,4,214.3,217.3,52,42.3,0,0,
O-07,75,2026-05-15,5.5,21,204.4,207.5,55,42.4,0,0,
O-08,75,2026-05-15,11.0,6,214.0,216.3,46,41.9,0,0,
O-01,76,2026-05-16,2.5,6,206.3,211.1,49,42.4,0,0,
O-02,76,2026-05-16,4.0,10,206.0,213.0,53,39.9,0,0,
O-03,76,2026-05-16,6.5,12,212.2,216.3,73,38.0,0,0,
O-04,76,2026-05-16,8.0,4,210.9,215.8,45,37.8,0,0,
O-05,76,2026-05-16,3.0,4,198.9,203.0,50,39.0,0,0,
O-06,76,2026-05-16,9.5,5,215.4,217.4,48,41.9,0,0,
O-07,76,2026-05-16,5.5,22,203.7,207.2,68,35.2,0,0,
O-08,76,2026-05-16,11.0,7,216.4,220.9,39,39.9,0,0,
O-01,77,2026-05-17,2.5,7,204.2,204.4,40,42.9,0,0,
O-02,77,2026-05-17,4.0,11,205.3,207.2,36,34.4,0,0,
O-03,77,2026-05-17,6.5,13,214.8,226.6,59,38.4,1,212,F-CTRL
O-04,77,2026-05-17,8.0,5,211.0,216.9,70,35.9,0,0,
O-05,77,2026-05-17,3.0,5,200.2,207.5,69,33.6,1,114,F-CTRL
O-06,77,2026-05-17,9.5,6,217.9,222.0,63,38.4,0,0,
O-07,77,2026-05-17,5.5,23,205.1,209.7,31,36.8,0,0,
O-08,77,2026-05-17,11.0,8,215.3,221.4,59,34.7,0,0,
O-01,78,2026-05-18,2.5,8,206.4,214.0,58,35.8,0,0,
O-02,78,2026-05-18,4.0,12,206.7,209.5,48,37.1,0,0,
O-03,78,2026-05-18,6.5,0,209.5,214.8,52,41.8,0,0,
O-04,78,2026-05-18,8.0,6,211.1,211.9,42,42.8,0,0,
O-05,78,2026-05-18,3.0,0,201.0,207.2,45,35.5,0,0,
O-06,78,2026-05-18,9.5,7,214.2,218.1,49,38.0,0,0,
O-07,78,2026-05-18,5.5,24,207.5,207.7,70,37.8,0,0,
O-08,78,2026-05-18,11.0,9,215.7,217.8,52,40.8,0,0,
O-01,79,2026-05-19,2.5,9,205.4,211.1,69,41.7,0,0,
O-02,79,2026-05-19,4.0,13,204.4,208.3,72,38.9,0,0,
O-03,79,2026-05-19,6.5,1,211.4,219.3,62,42.4,0,0,
O-04,79,2026-05-19,8.0,7,211.6,213.2,56,39.7,0,0,
O-05,79,2026-05-19,3.0,1,202.0,204.3,82,39.2,0,0,
O-06,79,2026-05-19,9.5,8,212.8,216.6,63,41.7,0,0,
O-07,79,2026-05-19,5.5,25,209.6,212.7,31,36.7,0,0,
O-08,79,2026-05-19,11.0,10,214.5,217.3,78,40.8,0,0,
O-01,80,2026-05-20,2.5,10,205.3,209.9,49,38.3,0,0,
O-02,80,2026-05-20,4.0,14,204.4,212.4,44,37.9,0,0,
O-03,80,2026-05-20,6.5,2,211.4,214.2,68,42.8,0,0,
O-04,80,2026-05-20,8.0,8,211.5,212.3,43,35.2,0,0,
O-05,80,2026-05-20,3.0,2,200.8,204.7,53,36.3,0,0,
O-06,80,2026-05-20,9.5,9,217.4,220.9,59,40.6,0,0,
O-07,80,2026-05-20,5.5,26,213.7,228.1,47,41.0,1,120,F-CTRL
O-08,80,2026-05-20,11.0,11,213.8,217.1,67,37.5,0,0,
O-01,81,2026-05-21,2.5,11,206.8,209.3,61,44.1,0,0,
O-02,81,2026-05-21,4.0,15,209.9,217.5,68,35.0,1,186,F-HEAT
O-03,81,2026-05-21,6.5,3,210.7,221.9,68,39.8,0,0,
O-04,81,2026-05-21,8.0,9,213.5,228.1,73,37.8,1,188,F-CTRL
O-05,81,2026-05-21,3.0,3,200.9,208.1,52,37.6,0,0,
O-06,81,2026-05-21,9.5,10,216.2,219.7,50,37.6,0,0,
O-07,81,2026-05-21,5.5,0,203.8,209.0,66,37.0,0,0,
O-08,81,2026-05-21,11.0,12,212.9,215.8,25,31.0,0,0,
O-01,82,2026-05-22,2.5,12,206.1,206.7,35,44.5,0,0,
O-02,82,2026-05-22,4.0,0,206.1,207.8,75,42.6,0,0,
O-03,82,2026-05-22,6.5,4,210.7,214.4,46,36.0,0,0,
O-04,82,2026-05-22,8.0,0,209.8,213.0,56,43.4,0,0,
O-05,82,2026-05-22,3.0,4,202.3,206.2,60,42.2,0,0,
O-06,82,2026-05-22,9.5,11,215.4,225.6,61,41.1,0,0,
O-07,82,2026-05-22,5.5,1,206.7,214.6,41,40.7,0,0,
O-08,82,2026-05-22,11.0,13,216.7,218.7,73,39.6,0,0,
O-01,83,2026-05-23,2.5,13,208.1,210.7,59,38.9,0,0,
O-02,83,2026-05-23,4.0,1,204.3,207.1,43,39.8,0,0,
O-03,83,2026-05-23,6.5,5,213.0,215.9,41,33.9,0,0,
O-04,83,2026-05-23,8.0,1,210.0,215.5,55,33.0,0,0,
O-05,83,2026-05-23,3.0,5,200.1,200.7,55,33.9,0,0,
O-06,83,2026-05-23,9.5,12,217.4,218.1,55,36.5,0,0,
O-07,83,2026-05-23,5.5,2,203.3,207.4,57,44.6,0,0,
O-08,83,2026-05-23,11.0,14,214.3,218.3,58,38.1,0,0,
O-01,84,2026-05-24,2.5,14,205.9,211.0,66,36.5,0,0,
O-02,84,2026-05-24,4.0,2,206.3,209.1,59,41.5,0,0,
O-03,84,2026-05-24,6.5,6,208.7,210.9,78,35.3,0,0,
O-04,84,2026-05-24,8.0,2,208.5,210.1,74,37.2,0,0,
O-05,84,2026-05-24,3.0,6,199.6,203.9,57,39.6,0,0,
O-06,84,2026-05-24,9.5,13,214.5,214.7,57,34.6,0,0,
O-07,84,2026-05-24,5.5,3,206.4,208.2,50,43.7,0,0,
O-08,84,2026-05-24,11.0,15,216.1,218.4,67,34.8,0,0,
O-01,85,2026-05-25,2.5,15,207.2,211.5,50,39.6,0,0,
O-02,85,2026-05-25,4.0,3,203.9,210.5,51,39.7,0,0,
O-03,85,2026-05-25,6.5,7,212.0,215.2,59,41.3,0,0,
O-04,85,2026-05-25,8.0,3,213.5,219.7,65,39.4,0,0,
O-05,85,2026-05-25,3.0,7,201.3,208.6,65,35.8,0,0,
O-06,85,2026-05-25,9.5,14,214.2,218.7,65,36.6,0,0,
O-07,85,2026-05-25,5.5,4,206.0,213.1,35,34.5,0,0,
O-08,85,2026-05-25,11.0,16,217.0,221.6,68,41.2,0,0,
O-01,86,2026-05-26,2.5,16,207.0,207.7,63,34.5,0,0,
O-02,86,2026-05-26,4.0,4,205.0,207.3,83,35.5,0,0,
O-03,86,2026-05-26,6.5,8,213.8,215.7,44,32.3,0,0,
O-04,86,2026-05-26,8.0,4,209.8,215.2,31,42.6,0,0,
O-05,86,2026-05-26,3.0,8,197.3,200.6,62,35.3,0,0,
O-06,86,2026-05-26,9.5,15,222.2,234.2,25,39.4,1,102,F-DOOR
O-07,86,2026-05-26,5.5,5,210.8,220.5,59,36.6,1,45,F-HEAT
O-08,86,2026-05-26,11.0,17,216.9,218.8,31,42.9,0,0,
O-01,87,2026-05-27,2.5,17,207.0,211.1,56,39.3,0,0,
O-02,87,2026-05-27,4.0,5,206.5,210.9,61,34.6,0,0,
O-03,87,2026-05-27,6.5,9,210.7,212.8,51,33.8,0,0,
O-04,87,2026-05-27,8.0,5,214.0,224.5,51,43.9,1,124,F-HEAT
O-05,87,2026-05-27,3.0,9,203.6,217.2,76,43.5,1,86,F-CTRL
O-06,87,2026-05-27,9.5,0,216.5,219.6,63,38.3,0,0,
O-07,87,2026-05-27,5.5,0,206.7,213.6,38,40.1,1,100,F-CTRL
O-08,87,2026-05-27,11.0,18,214.2,217.0,57,40.4,0,0,
O-01,88,2026-05-28,2.5,18,206.5,214.1,47,40.1,0,0,
O-02,88,2026-05-28,4.0,6,205.0,210.1,56,43.8,0,0,
O-03,88,2026-05-28,6.5,10,211.8,217.4,64,39.5,0,0,
O-04,88,2026-05-28,8.0,0,210.9,214.4,55,41.8,0,0,
O-05,88,2026-05-28,3.0,0,197.6,200.6,44,36.6,0,0,
O-06,88,2026-05-28,9.5,1,216.9,222.7,38,41.9,1,109,F-CTRL
O-07,88,2026-05-28,5.5,0,204.5,206.1,46,34.4,0,0,
O-08,88,2026-05-28,11.0,19,219.0,230.5,63,37.7,1,67,F-HEAT
O-01,89,2026-05-29,2.5,19,203.0,208.2,67,36.3,0,0,
O-02,89,2026-05-29,4.0,7,208.0,212.7,38,37.1,0,0,
O-03,89,2026-05-29,6.5,11,210.9,216.6,35,39.2,0,0,
O-04,89,2026-05-29,8.0,1,210.4,216.3,67,43.3,0,0,
O-05,89,2026-05-29,3.0,1,199.4,202.3,56,38.4,0,0,
O-06,89,2026-05-29,9.5,0,217.0,217.2,58,41.7,0,0,
O-07,89,2026-05-29,5.5,1,201.9,208.4,62,43.7,0,0,
O-08,89,2026-05-29,11.0,0,216.0,227.4,59,41.9,0,0,
O-01,90,2026-05-30,2.5,20,206.5,208.1,76,37.0,0,0,
O-02,90,2026-05-30,4.0,8,206.5,210.0,50,35.1,0,0,
O-03,90,2026-05-30,6.5,12,211.8,215.1,69,36.9,0,0,
O-04,90,2026-05-30,8.0,2,207.7,213.7,42,34.9,0,0,
O-05,90,2026-05-30,3.0,2,200.8,206.1,49,41.0,0,0,
O-06,90,2026-05-30,9.5,1,215.0,220.6,84,41.9,0,0,
O-07,90,2026-05-30,5.5,2,203.3,204.6,76,41.9,0,0,
O-08,90,2026-05-30,11.0,1,214.8,218.2,68,40.6,0,0,
O-01,91,2026-05-31,2.5,21,206.0,210.1,50,42.2,0,0,
O-02,91,2026-05-31,4.0,9,207.8,209.9,84,41.3,0,0,
O-03,91,2026-05-31,6.5,13,212.8,216.0,67,34.6,0,0,
O-04,91,2026-05-31,8.0,3,207.3,210.6,57,44.4,0,0,
O-05,91,2026-05-31,3.0,3,199.1,203.5,63,37.4,0,0,
O-06,91,2026-05-31,9.5,2,215.0,221.0,47,40.2,0,0,
O-07,91,2026-05-31,5.5,3,203.8,206.9,68,37.2,0,0,
O-08,91,2026-05-31,11.0,2,215.8,217.5,58,37.4,0,0,
O-01,92,2026-06-01,2.5,22,204.8,206.6,53,39.4,0,0,
O-02,92,2026-06-01,4.0,10,206.7,209.3,49,36.9,0,0,
O-03,92,2026-06-01,6.5,14,211.5,213.1,50,43.5,0,0,
O-04,92,2026-06-01,8.0,4,213.3,215.9,44,41.3,0,0,
O-05,92,2026-06-01,3.0,4,198.7,203.7,68,36.9,0,0,
O-06,92,2026-06-01,9.5,3,215.6,218.6,72,36.4,0,0,
O-07,92,2026-06-01,5.5,4,203.4,207.2,58,38.0,0,0,
O-08,92,2026-06-01,11.0,3,214.6,221.0,73,35.3,0,0,
O-01,93,2026-06-02,2.5,23,207.7,211.4,57,39.6,0,0,
O-02,93,2026-06-02,4.0,11,204.9,210.8,47,37.7,0,0,
O-03,93,2026-06-02,6.5,15,210.1,212.8,26,37.0,0,0,
O-04,93,2026-06-02,8.0,5,207.1,207.3,82,38.9,0,0,
O-05,93,2026-06-02,3.0,5,202.4,206.2,52,35.4,0,0,
O-06,93,2026-06-02,9.5,4,213.9,216.1,64,39.9,0,0,
O-07,93,2026-06-02,5.5,5,205.2,213.7,42,43.4,0,0,
O-08,93,2026-06-02,11.0,4,215.8,223.1,55,37.2,0,0,
O-01,94,2026-06-03,2.5,24,207.6,207.9,67,40.2,0,0,
O-02,94,2026-06-03,4.0,12,206.7,207.8,75,40.5,0,0,
O-03,94,2026-06-03,6.5,16,212.1,212.6,57,36.8,0,0,
O-04,94,2026-06-03,8.0,6,212.9,218.0,58,32.3,0,0,
O-05,94,2026-06-03,3.0,6,199.3,206.6,74,45.7,0,0,
O-06,94,2026-06-03,9.5,5,214.4,227.2,68,37.6,0,0,
O-07,94,2026-06-03,5.5,6,205.2,210.0,68,40.4,0,0,
O-08,94,2026-06-03,11.0,5,214.3,220.7,58,38.0,0,0,
O-01,95,2026-06-04,2.5,25,207.9,213.0,54,37.7,0,0,
O-02,95,2026-06-04,4.0,13,205.2,209.2,37,42.0,0,0,
O-03,95,2026-06-04,6.5,17,212.9,217.9,65,42.0,0,0,
O-04,95,2026-06-04,8.0,7,210.4,216.2,55,43.1,0,0,
O-05,95,2026-06-04,3.0,7,199.7,201.5,45,36.5,0,0,
O-06,95,2026-06-04,9.5,6,218.7,230.0,61,35.3,1,139,F-CTRL
O-07,95,2026-06-04,5.5,7,203.7,207.9,74,37.3,0,0,
O-08,95,2026-06-04,11.0,6,213.8,216.2,65,34.6,0,0,
O-01,96,2026-06-05,2.5,26,207.8,215.4,87,38.6,0,0,
O-02,96,2026-06-05,4.0,14,206.9,209.3,33,37.7,0,0,
O-03,96,2026-06-05,6.5,18,213.0,216.9,91,36.7,0,0,
O-04,96,2026-06-05,8.0,8,207.5,212.7,48,43.5,0,0,
O-05,96,2026-06-05,3.0,8,202.2,209.5,55,41.2,0,0,
O-06,96,2026-06-05,9.5,0,214.7,214.9,49,38.1,0,0,
O-07,96,2026-06-05,5.5,8,208.5,212.6,51,36.3,0,0,
O-08,96,2026-06-05,11.0,7,218.3,224.8,50,38.3,0,0,
O-01,97,2026-06-06,2.5,27,210.3,217.6,68,43.6,0,0,
O-02,97,2026-06-06,4.0,15,205.6,208.1,69,39.5,0,0,
O-03,97,2026-06-06,6.5,19,212.8,215.1,63,36.9,0,0,
O-04,97,2026-06-06,8.0,9,211.3,212.7,45,40.5,0,0,
O-05,97,2026-06-06,3.0,9,200.1,205.5,71,37.6,0,0,
O-06,97,2026-06-06,9.5,1,214.5,222.3,44,36.2,0,0,
O-07,97,2026-06-06,5.5,9,205.2,207.1,18,34.7,0,0,
O-08,97,2026-06-06,11.0,8,215.4,219.5,62,38.3,0,0,
O-01,98,2026-06-07,2.5,28,205.7,207.2,57,36.2,0,0,
O-02,98,2026-06-07,4.0,16,206.9,216.1,49,36.8,0,0,
O-03,98,2026-06-07,6.5,20,212.6,218.3,83,34.4,0,0,
O-04,98,2026-06-07,8.0,10,208.2,208.9,43,38.8,0,0,
O-05,98,2026-06-07,3.0,10,203.9,212.4,27,37.3,0,0,
O-06,98,2026-06-07,9.5,2,215.8,218.8,40,35.9,0,0,
O-07,98,2026-06-07,5.5,10,209.5,214.5,35,35.7,0,0,
O-08,98,2026-06-07,11.0,9,215.7,223.2,48,35.9,0,0,
O-01,99,2026-06-08,2.5,29,206.3,207.8,42,39.0,0,0,
O-02,99,2026-06-08,4.0,17,206.8,207.9,67,37.4,0,0,
O-03,99,2026-06-08,6.5,21,213.1,217.0,58,44.1,0,0,
O-04,99,2026-06-08,8.0,11,213.2,214.9,23,39.6,0,0,
O-05,99,2026-06-08,3.0,11,201.5,205.6,63,36.0,0,0,
O-06,99,2026-06-08,9.5,3,214.4,219.7,84,37.0,0,0,
O-07,99,2026-06-08,5.5,11,205.0,210.1,66,35.1,0,0,
O-08,99,2026-06-08,11.0,10,217.4,217.8,70,39.2,0,0,
O-01,100,2026-06-09,2.5,30,205.8,210.6,57,38.8,0,0,
O-02,100,2026-06-09,4.0,18,206.0,212.6,32,33.9,0,0,
O-03,100,2026-06-09,6.5,22,211.5,212.6,65,40.0,0,0,
O-04,100,2026-06-09,8.0,12,213.0,216.1,84,36.9,1,141,F-HEAT
O-05,100,2026-06-09,3.0,12,204.5,207.7,53,41.0,0,0,
O-06,100,2026-06-09,9.5,4,213.7,218.3,39,31.8,0,0,
O-07,100,2026-06-09,5.5,12,205.4,212.0,66,39.6,0,0,
O-08,100,2026-06-09,11.0,11,220.5,222.5,68,39.0,0,0,
O-01,101,2026-06-10,2.5,31,208.0,212.4,61,40.1,0,0,
O-02,101,2026-06-10,4.0,19,206.6,215.8,79,40.7,1,59,F-DOOR
O-03,101,2026-06-10,6.5,23,208.8,211.4,45,42.9,0,0,
O-04,101,2026-06-10,8.0,0,211.9,217.5,37,44.4,0,0,
O-05,101,2026-06-10,3.0,13,201.2,206.6,48,43.3,0,0,
O-06,101,2026-06-10,9.5,5,217.1,219.8,54,41.5,0,0,
O-07,101,2026-06-10,5.5,13,204.1,207.7,58,37.1,0,0,
O-08,101,2026-06-10,11.0,12,217.6,222.9,53,36.2,0,0,
O-01,102,2026-06-11,2.5,32,211.2,214.0,37,38.0,0,0,
O-02,102,2026-06-11,4.0,0,206.6,208.0,46,36.9,0,0,
O-03,102,2026-06-11,6.5,24,208.2,209.4,64,37.3,0,0,
O-04,102,2026-06-11,8.0,1,212.7,216.6,53,39.3,0,0,
O-05,102,2026-06-11,3.0,14,201.0,207.3,57,45.7,0,0,
O-06,102,2026-06-11,9.5,6,216.3,219.8,51,38.0,0,0,
O-07,102,2026-06-11,5.5,14,205.3,206.5,80,37.0,0,0,
O-08,102,2026-06-11,11.0,13,216.0,220.2,59,35.0,0,0,
O-01,103,2026-06-12,2.5,33,205.0,212.4,45,37.3,0,0,
O-02,103,2026-06-12,4.0,1,204.0,205.3,40,36.5,0,0,
O-03,103,2026-06-12,6.5,25,213.6,219.2,39,40.6,1,167,F-CTRL
O-04,103,2026-06-12,8.0,2,210.6,210.8,51,40.6,0,0,
O-05,103,2026-06-12,3.0,15,200.2,207.1,60,41.5,0,0,
O-06,103,2026-06-12,9.5,7,217.3,220.4,71,43.8,0,0,
O-07,103,2026-06-12,5.5,15,205.8,206.2,65,39.8,0,0,
O-08,103,2026-06-12,11.0,14,218.9,221.6,74,33.8,0,0,
O-01,104,2026-06-13,2.5,34,207.5,212.0,60,33.9,0,0,
O-02,104,2026-06-13,4.0,2,205.4,207.4,66,33.2,0,0,
O-03,104,2026-06-13,6.5,0,210.2,213.5,61,39.6,0,0,
O-04,104,2026-06-13,8.0,3,207.2,212.2,47,38.5,0,0,
O-05,104,2026-06-13,3.0,16,202.4,205.8,51,37.7,0,0,
O-06,104,2026-06-13,9.5,8,214.7,222.8,71,46.7,1,62,F-HEAT
O-07,104,2026-06-13,5.5,16,206.0,212.1,48,39.0,0,0,
O-08,104,2026-06-13,11.0,15,214.1,214.9,53,35.1,0,0,
O-01,105,2026-06-14,2.5,35,208.7,210.3,57,40.1,1,107,F-CTRL
O-02,105,2026-06-14,4.0,3,205.0,208.5,95,39.3,0,0,
O-03,105,2026-06-14,6.5,1,208.9,211.6,51,39.2,0,0,
O-04,105,2026-06-14,8.0,4,210.9,212.9,80,38.9,0,0,
O-05,105,2026-06-14,3.0,17,200.4,203.9,47,39.3,0,0,
O-06,105,2026-06-14,9.5,0,216.4,219.1,58,41.1,0,0,
O-07,105,2026-06-14,5.5,17,206.8,210.4,86,40.3,0,0,
O-08,105,2026-06-14,11.0,16,215.9,222.3,91,41.0,0,0,
O-01,106,2026-06-15,2.5,0,206.7,212.8,79,41.2,0,0,
O-02,106,2026-06-15,4.0,4,204.7,211.9,58,41.3,0,0,
O-03,106,2026-06-15,6.5,2,209.2,209.9,72,37.5,0,0,
O-04,106,2026-06-15,8.0,5,209.9,214.4,46,42.4,0,0,
O-05,106,2026-06-15,3.0,18,200.5,206.9,36,38.7,0,0,
O-06,106,2026-06-15,9.5,1,213.7,219.7,85,41.1,0,0,
O-07,106,2026-06-15,5.5,18,208.8,216.1,44,42.4,0,0,
O-08,106,2026-06-15,11.0,17,217.0,221.1,33,38.1,0,0,
O-01,107,2026-06-16,2.5,1,205.1,210.9,36,42.0,0,0,
O-02,107,2026-06-16,4.0,5,203.1,210.0,72,40.0,0,0,
O-03,107,2026-06-16,6.5,3,213.1,220.0,65,34.2,0,0,
O-04,107,2026-06-16,8.0,6,217.6,229.4,65,44.1,1,54,F-DOOR
O-05,107,2026-06-16,3.0,19,204.2,204.2,69,37.1,0,0,
O-06,107,2026-06-16,9.5,2,216.4,216.7,80,42.9,0,0,
O-07,107,2026-06-16,5.5,19,207.5,216.1,77,39.6,0,0,
O-08,107,2026-06-16,11.0,18,219.4,232.0,44,42.6,1,183,F-DOOR
O-01,108,2026-06-17,2.5,2,202.9,211.0,42,41.1,0,0,
O-02,108,2026-06-17,4.0,6,206.3,210.0,51,38.6,0,0,
O-03,108,2026-06-17,6.5,4,213.5,217.1,26,39.4,0,0,
O-04,108,2026-06-17,8.0,0,214.6,220.9,42,41.2,0,0,
O-05,108,2026-06-17,3.0,20,201.7,206.7,56,39.3,0,0,
O-06,108,2026-06-17,9.5,3,217.5,218.8,66,35.3,0,0,
O-07,108,2026-06-17,5.5,20,209.6,216.6,76,38.3,0,0,
O-08,108,2026-06-17,11.0,0,213.9,219.1,32,41.0,0,0,
O-01,109,2026-06-18,2.5,3,203.6,210.8,42,38.5,0,0,
O-02,109,2026-06-18,4.0,7,207.0,210.3,66,40.2,0,0,
O-03,109,2026-06-18,6.5,5,209.5,211.6,79,37.4,0,0,
O-04,109,2026-06-18,8.0,1,207.6,211.9,47,42.9,0,0,
O-05,109,2026-06-18,3.0,21,201.5,204.3,43,45.4,0,0,
O-06,109,2026-06-18,9.5,4,212.4,216.3,71,39.3,0,0,
O-07,109,2026-06-18,5.5,21,204.5,212.3,67,37.5,0,0,
O-08,109,2026-06-18,11.0,1,215.4,221.2,60,40.7,0,0,
O-01,110,2026-06-19,2.5,4,202.9,203.3,39,42.5,0,0,
O-02,110,2026-06-19,4.0,8,207.1,211.5,66,35.8,0,0,
O-03,110,2026-06-19,6.5,6,208.1,212.4,83,41.7,0,0,
O-04,110,2026-06-19,8.0,2,209.6,212.4,61,37.5,0,0,
O-05,110,2026-06-19,3.0,22,202.9,210.8,67,40.1,0,0,
O-06,110,2026-06-19,9.5,5,215.6,221.9,51,38.1,0,0,
O-07,110,2026-06-19,5.5,22,209.1,213.0,48,40.2,0,0,
O-08,110,2026-06-19,11.0,2,211.6,212.8,49,47.9,0,0,
O-01,111,2026-06-20,2.5,5,205.2,212.2,50,40.6,0,0,
O-02,111,2026-06-20,4.0,9,205.5,212.3,34,43.9,0,0,
O-03,111,2026-06-20,6.5,7,210.4,213.7,53,40.0,0,0,
O-04,111,2026-06-20,8.0,3,207.6,217.6,63,41.0,0,0,
O-05,111,2026-06-20,3.0,23,202.8,208.9,65,46.3,0,0,
O-06,111,2026-06-20,9.5,6,217.6,221.2,68,38.2,0,0,
O-07,111,2026-06-20,5.5,23,207.0,207.6,66,39.3,0,0,
O-08,111,2026-06-20,11.0,3,212.8,215.1,74,42.1,0,0,
O-01,112,2026-06-21,2.5,6,206.7,217.2,44,42.8,0,0,
O-02,112,2026-06-21,4.0,10,205.1,211.9,59,41.6,0,0,
O-03,112,2026-06-21,6.5,8,211.4,212.0,50,39.3,0,0,
O-04,112,2026-06-21,8.0,4,212.7,215.7,66,46.7,0,0,
O-05,112,2026-06-21,3.0,24,201.3,203.3,47,39.0,0,0,
O-06,112,2026-06-21,9.5,7,215.8,222.9,42,44.9,0,0,
O-07,112,2026-06-21,5.5,24,210.1,224.7,54,42.6,1,97,F-DOOR
O-08,112,2026-06-21,11.0,4,213.6,217.6,73,38.0,0,0,
O-01,113,2026-06-22,2.5,7,206.3,206.5,48,45.0,0,0,
O-02,113,2026-06-22,4.0,11,206.9,211.1,69,42.5,0,0,
O-03,113,2026-06-22,6.5,9,210.5,215.5,51,43.4,0,0,
O-04,113,2026-06-22,8.0,5,212.5,213.5,51,43.8,0,0,
O-05,113,2026-06-22,3.0,25,201.6,208.3,67,44.7,0,0,
O-06,113,2026-06-22,9.5,8,215.3,218.6,31,40.2,0,0,
O-07,113,2026-06-22,5.5,0,205.7,210.0,39,45.2,0,0,
O-08,113,2026-06-22,11.0,5,215.8,222.1,69,39.3,0,0,
O-01,114,2026-06-23,2.5,8,202.7,203.7,52,40.7,0,0,
O-02,114,2026-06-23,4.0,12,207.6,212.5,32,38.1,0,0,
O-03,114,2026-06-23,6.5,10,210.2,218.8,70,41.4,0,0,
O-04,114,2026-06-23,8.0,6,214.3,216.6,62,47.4,0,0,
O-05,114,2026-06-23,3.0,26,199.9,203.0,48,46.2,0,0,
O-06,114,2026-06-23,9.5,9,213.3,216.5,49,37.6,0,0,
O-07,114,2026-06-23,5.5,1,208.4,214.0,80,41.0,0,0,
O-08,114,2026-06-23,11.0,6,213.3,220.3,73,44.6,0,0,
O-01,115,2026-06-24,2.5,9,202.5,204.2,57,43.6,0,0,
O-02,115,2026-06-24,4.0,13,206.3,207.3,76,47.1,0,0,
O-03,115,2026-06-24,6.5,11,209.7,218.5,71,43.1,0,0,
O-04,115,2026-06-24,8.0,7,210.8,218.3,55,42.9,0,0,
O-05,115,2026-06-24,3.0,27,205.1,206.6,55,43.4,0,0,
O-06,115,2026-06-24,9.5,10,216.5,221.0,60,39.8,0,0,
O-07,115,2026-06-24,5.5,2,206.7,211.6,48,41.0,0,0,
O-08,115,2026-06-24,11.0,7,215.2,221.5,56,39.1,0,0,
O-01,116,2026-06-25,2.5,10,207.0,215.6,45,40.0,0,0,
O-02,116,2026-06-25,4.0,14,207.8,208.3,76,41.6,0,0,
O-03,116,2026-06-25,6.5,12,211.4,215.8,35,43.3,0,0,
O-04,116,2026-06-25,8.0,8,207.3,211.2,32,42.7,0,0,
O-05,116,2026-06-25,3.0,28,201.5,205.4,64,43.4,0,0,
O-06,116,2026-06-25,9.5,11,219.7,225.9,89,41.4,0,0,
O-07,116,2026-06-25,5.5,3,206.9,211.4,65,43.6,0,0,
O-08,116,2026-06-25,11.0,8,215.7,219.0,49,43.7,0,0,
O-01,117,2026-06-26,2.5,11,203.7,209.0,84,39.6,0,0,
O-02,117,2026-06-26,4.0,15,207.4,215.7,70,39.3,0,0,
O-03,117,2026-06-26,6.5,13,212.7,213.1,62,40.0,0,0,
O-04,117,2026-06-26,8.0,9,210.6,215.5,40,44.4,0,0,
O-05,117,2026-06-26,3.0,29,200.2,204.9,51,48.1,0,0,
O-06,117,2026-06-26,9.5,12,216.3,223.0,54,43.6,0,0,
O-07,117,2026-06-26,5.5,4,202.8,203.7,62,46.2,0,0,
O-08,117,2026-06-26,11.0,9,216.5,219.9,55,35.7,0,0,
O-01,118,2026-06-27,2.5,12,207.1,209.9,60,41.1,0,0,
O-02,118,2026-06-27,4.0,16,209.2,212.9,61,44.3,0,0,
O-03,118,2026-06-27,6.5,14,212.5,213.3,56,41.2,0,0,
O-04,118,2026-06-27,8.0,10,208.2,216.4,40,40.5,0,0,
O-05,118,2026-06-27,3.0,30,202.7,206.7,57,45.7,0,0,
O-06,118,2026-06-27,9.5,13,219.1,224.6,59,42.3,1,217,F-HEAT
O-07,118,2026-06-27,5.5,5,205.3,205.4,56,50.2,0,0,
O-08,118,2026-06-27,11.0,10,215.4,218.2,60,41.3,0,0,
O-01,119,2026-06-28,2.5,13,205.3,208.2,76,42.3,0,0,
O-02,119,2026-06-28,4.0,17,204.6,205.4,42,46.7,0,0,
O-03,119,2026-06-28,6.5,15,210.3,214.8,78,46.6,0,0,
O-04,119,2026-06-28,8.0,11,211.2,216.3,70,44.2,0,0,
O-05,119,2026-06-28,3.0,31,201.6,204.6,64,50.2,0,0,
O-06,119,2026-06-28,9.5,0,216.8,218.9,77,42.6,0,0,
O-07,119,2026-06-28,5.5,6,208.0,209.7,55,42.3,0,0,
O-08,119,2026-06-28,11.0,11,215.7,221.5,60,47.4,0,0,
O-01,120,2026-06-29,2.5,14,208.2,214.3,77,40.8,0,0,
O-02,120,2026-06-29,4.0,18,206.5,208.4,56,47.4,0,0,
O-03,120,2026-06-29,6.5,16,213.8,215.6,82,37.8,0,0,
O-04,120,2026-06-29,8.0,12,211.2,212.8,14,42.8,0,0,
O-05,120,2026-06-29,3.0,32,202.4,209.1,39,39.1,0,0,
O-06,120,2026-06-29,9.5,1,211.8,215.4,43,40.5,0,0,
O-07,120,2026-06-29,5.5,7,202.3,205.7,53,52.5,0,0,
O-08,120,2026-06-29,11.0,12,217.0,222.8,100,46.6,1,146,F-HEAT
