source_id,system,object_or_path,record_type,owner_role,refresh_cadence,business_key,revision_signal,duplicate_behaviour,approved_for_pilot,classification_status,known_issues
S01,ERP (SQL Server; version and topology to confirm),dbo.Inspection,inspection header,ERP owner (plant IT),continuous OLTP,inspection_id,none (row updated in place),none in source; duplicated downstream by ETL rerun,pending DBA confirmation,unclassified,Version and topology unconfirmed; change data capture not enabled; history not visible
S02,ERP (SQL Server),dbo.InspectionResult,inspected and defective units per inspection,ERP owner (plant IT),continuous OLTP,inspection_id,none (row updated in place),as S01,pending DBA confirmation,unclassified,In-place edits overwrite the previous quantities
S03,Nightly ETL package,ReportingDB.dbo.InspectionDaily,extract of the day's inspections,data team,nightly 22:10 with one automatic retry,inspection_id (not unique after a rerun),load_date only,whole-day re-export on retry; manual reruns add further copies,no (the pilot replaces this read path),derived copy,Partial loads are published; no per-plant freshness flag; deleted-by-hand rows leave no audit
S04,Quality corrections file share,\\share\qc\QC_Corrections_yyyymmdd.csv,approved corrections,quality lead,weekly Friday approval; ad hoc urgent cases,inspection_id,source_revision (integer; higher supersedes),exact re-sends occur; one re-typed row at an existing revision has occurred,yes (synthetic first; real data after classification),pending,Appended by the ETL as new rows; picked up only at the next nightly run
S05,Plant sheet,shared workbook maintained by the plant coordinator,hand-maintained daily tally,plant coordinator,manual each morning,inspection_id (typed by hand),none,pasted extracts plus typed adjustments; negative quantities used as adjustments,no,not a system of record,Not an approved source; used at the 8 a.m. meeting as if it were one
S06,Analyst workbook,DefectRate.xlsx,computed metric,analyst,manual after the 01:10 refresh,none (row level),none,inherits ETL duplicates and appended corrections,no (consumer; not a source),derived copy,Mean of per-row rates grouped by load date; single maintainer with no backup
S07,Sensor historian,line telemetry tags,machine events,maintenance lead,continuous,tag and timestamp,none,not applicable,out of scope,unclassified,Separate system; not part of the quality report
S08,Reporting dashboard,QualityBoard (BI tool),daily view,data team,01:10 refresh,not applicable,not applicable,not applicable,no (replaced read path),derived copy,Shows refresh time rather than evidence freshness per plant
S09,Maintenance manual library,PDF library,documents,maintenance lead,ad hoc,not applicable,version in file name,not applicable,out of scope,unclassified,Reserved for a later read-only assistant; work-order changes not approved
